True positives:	20
True negatives:	620
False positives:	5
False negatives:	41




Precision:	0.8
Recall:	0.327868852459
F1 score:	0.46511627907
False Positives:
18822117_abstract.0_1_17_18822117_abstract.0_1_20-21-22
19900826_abstract.0_2_6_19900826_abstract.0_2_18
11993528_abstract.0_3_42_11993528_abstract.0_3_22
21645389_body.0_72_3_21645389_body.0_72_42
24828896_body.0_7_4_24828896_body.0_7_37


False Negatives:
10982191_title.0_1_8_10982191_title.0_1_21-22-23
19353431_abstract.0_2_12_19353431_abstract.0_2_1
23285148_body.0_4_32_23285148_body.0_4_3
23316347_body.0_202_25_23316347_body.0_202_54
21304894_body.0_110_4_21304894_body.0_110_9-10-11
21776272_body.0_60_46_21776272_body.0_60_39-40
19220582_abstract.0_2_20_19220582_abstract.0_2_5
23456818_body.0_148_9_23456818_body.0_148_21-22
20429427_abstract.0_1_2_20429427_abstract.0_1_14
22887726_abstract.0_5_33_22887726_abstract.0_5_54-55
24476040_body.0_11_12_24476040_body.0_11_5
19641605_abstract.0_3_14_19641605_abstract.0_3_22
21850180_body.0_62_14_21850180_body.0_62_26-27
20683840_abstract.0_4_12_20683840_abstract.0_4_33
17495019_title.0_1_5_17495019_title.0_1_18
18697824_abstract.0_1_24_18697824_abstract.0_1_6
18283249_abstract.0_3_2_18283249_abstract.0_3_16-17-18
21203343_body.0_10_3_21203343_body.0_10_20
21031598_body.0_24_25_21031598_body.0_24_9
24312213_body.0_110_66_24312213_body.0_110_73
15622440_abstract.0_1_4_15622440_abstract.0_1_12-13
22670894_title.0_1_16_22670894_title.0_1_7-8
17601931_title.0_1_9_17601931_title.0_1_15
22654519_body.0_11_20_22654519_body.0_11_27
15122331_abstract.0_1_19_15122331_abstract.0_1_0
23738319_body.0_15_2_23738319_body.0_15_29
24130743_body.0_100_15_24130743_body.0_100_26
11079449_abstract.0_5_48_11079449_abstract.0_5_11
19384346_body.0_120_33_19384346_body.0_120_15
22269647_abstract.1_5_29_22269647_abstract.1_5_5
15575003_abstract.0_4_10_15575003_abstract.0_4_5
17659500_abstract.0_6_2_17659500_abstract.0_6_23
16116125_abstract.0_1_8_16116125_abstract.0_1_26-27
