True positives:	22
True negatives:	619
False positives:	6
False negatives:	39




Precision:	0.785714285714
Recall:	0.360655737705
F1 score:	0.494382022472
False Positives:
18822117_abstract.0_1_17_18822117_abstract.0_1_20-21-22
19900826_abstract.0_2_6_19900826_abstract.0_2_18
22835154_body.0_54_29_22835154_body.0_54_14
21645389_body.0_72_3_21645389_body.0_72_42
24828896_body.0_7_4_24828896_body.0_7_37
22399432_abstract.0_3_63_22399432_abstract.0_3_30


False Negatives:
10982191_title.0_1_8_10982191_title.0_1_21-22-23
19353431_abstract.0_2_12_19353431_abstract.0_2_1
23285148_body.0_4_32_23285148_body.0_4_3
23316347_body.0_202_25_23316347_body.0_202_54
21304894_body.0_110_4_21304894_body.0_110_9-10-11
21776272_body.0_60_46_21776272_body.0_60_39-40
19220582_abstract.0_2_20_19220582_abstract.0_2_5
23456818_body.0_148_9_23456818_body.0_148_21-22
20429427_abstract.0_1_2_20429427_abstract.0_1_14
23738319_body.0_15_2_23738319_body.0_15_29
21031598_body.0_24_25_21031598_body.0_24_9
22887726_abstract.0_5_33_22887726_abstract.0_5_54-55
19641605_abstract.0_3_14_19641605_abstract.0_3_22
20683840_abstract.0_4_12_20683840_abstract.0_4_33
17495019_title.0_1_5_17495019_title.0_1_18
19384346_body.0_120_33_19384346_body.0_120_15
18697824_abstract.0_1_24_18697824_abstract.0_1_6
18283249_abstract.0_3_2_18283249_abstract.0_3_16-17-18
21203343_body.0_10_3_21203343_body.0_10_20
24312213_body.0_110_66_24312213_body.0_110_73
15622440_abstract.0_1_4_15622440_abstract.0_1_12-13
22654519_body.0_11_20_22654519_body.0_11_27
15122331_abstract.0_1_19_15122331_abstract.0_1_0
22670894_title.0_1_16_22670894_title.0_1_7-8
24130743_body.0_100_15_24130743_body.0_100_26
11079449_abstract.0_5_48_11079449_abstract.0_5_11
16116125_abstract.0_1_8_16116125_abstract.0_1_26-27
22269647_abstract.1_5_29_22269647_abstract.1_5_5
15575003_abstract.0_4_10_15575003_abstract.0_4_5
23680655_abstract.0_1_20_23680655_abstract.0_1_0-1
17659500_abstract.0_6_2_17659500_abstract.0_6_23
