True positives:	18
True negatives:	486
False positives:	3
False negatives:	48




Precision:	0.857142857143
Recall:	0.272727272727
F1 score:	0.413793103448
False Positives:
17183713_body.0_111_12_17183713_body.0_111_25
24412566_body.0_70_72_24412566_body.0_70_6
18538017_body.0_12_5_18538017_body.0_12_17


False Negatives:
24616599_body.0_50_4_24616599_body.0_50_11
23874215_body.0_172_3_23874215_body.0_172_23-24-25-26
8968741_abstract.0_1_8_8968741_abstract.0_1_20-21
17448150_abstract.0_1_14_17448150_abstract.0_1_19
15219231_body.0_121_8_15219231_body.0_121_35
25110572_body.0_103_42_25110572_body.0_103_18-19
22803640_abstract.0_3_14_22803640_abstract.0_3_24-25
10511432_abstract.0_1_12_10511432_abstract.0_1_23
23275784_body.0_82_29_23275784_body.0_82_13
23233309_abstract.3_3_18_23233309_abstract.3_3_27
11353725_abstract.0_7_13_11353725_abstract.0_7_9
11667976_body.0_6_31_11667976_body.0_6_34-35
11079449_abstract.0_5_48_11079449_abstract.0_5_41
20499351_body.0_120_6_20499351_body.0_120_10-11-12
20948792_body.0_13_2_20948792_body.0_13_9
23288328_body.0_179_20_23288328_body.0_179_24-25
17254625_abstract.0_1_0_17254625_abstract.0_1_10-11
22848613_body.0_191_7_22848613_body.0_191_15
22653594_abstract.0_1_5_22653594_abstract.0_1_25-26-27
7605627_abstract.0_1_6_7605627_abstract.0_1_15-16-17
15955369_abstract.0_10_17_15955369_abstract.0_10_8-9
21282350_abstract.0_1_13_21282350_abstract.0_1_20
11893344_abstract.2_1_2_11893344_abstract.2_1_8
12651948_abstract.0_3_8_12651948_abstract.0_3_21-22
9832037_abstract.0_2_13_9832037_abstract.0_2_26-27-28
20683928_body.0_118_6_20683928_body.0_118_12
22032306_body.0_49_20_22032306_body.0_49_3
24223453_body.0_31_11_24223453_body.0_31_8
18791638_body.0_8_6_18791638_body.0_8_0
11461952_abstract.0_10_8_11461952_abstract.0_10_15-16
22392506_body.0_53_3_22392506_body.0_53_31
17111367_abstract.0_1_5_17111367_abstract.0_1_12
20188792_abstract.0_5_8_20188792_abstract.0_5_37-38
21203343_body.0_127_4_21203343_body.0_127_19
17172473_title.0_1_3_17172473_title.0_1_11-12-13
19016241_abstract.0_2_29_19016241_abstract.0_2_34-35
23077403_ref.1_1_3_23077403_ref.1_1_11-12
18836565_body.0_39_15_18836565_body.0_39_26-27
12825070_abstract.0_5_5_12825070_abstract.0_5_22-23
24664694_title.0_1_7_24664694_title.0_1_11-12
23083465_body.0_165_10_23083465_body.0_165_34-35-36
24065538_abstract.0_2_8_24065538_abstract.0_2_14
22334370_body.0_30_35_22334370_body.0_30_49-50
24993959_abstract.1_3_36_24993959_abstract.1_3_46
